order_id,order_natural_key
0,WO-20251103-2693
1,WO-20251105-2841
2,WO-20251106-2259
3,WO-20251106-3737
4,WO-20251106-7880
5,WO-20251107-4006
6,WO-20251107-3538
7,WO-20251108-9483
8,WO-20251108-1307
9,WO-20251109-5296
10,WO-20251103-4976
11,WO-20251104-3024
12,WO-20251106-3816
13,WO-20251106-8715
14,WO-20251106-1744
15,WO-20251106-9247
16,WO-20251106-9588
17,WO-20251106-7659
18,WO-20251107-8995
19,WO-20251108-1011
20,WO-20251108-5032
21,WO-20251108-7091
22,WO-20251109-7470
23,WO-20251109-5067
24,WO-20251103-5958
25,WO-20251104-2995
26,WO-20251105-7208
27,WO-20251107-3923
28,WO-20251108-2108
29,WO-20251108-9943
30,WO-20251103-7091
31,WO-20251103-7871
32,WO-20251103-5195
33,WO-20251103-3041
34,WO-20251103-9706
35,WO-20251104-9737
36,WO-20251104-5569
37,WO-20251105-5786
38,WO-20251105-8803
39,WO-20251105-4811
40,WO-20251106-2627
41,WO-20251106-4424
42,WO-20251107-8395
43,WO-20251108-5616
44,WO-20251108-8827
45,WO-20251109-2635
46,WO-20251109-4115
47,WO-20251109-6179
48,WO-20251109-1836
49,WO-20251103-5578
50,WO-20251104-8469
51,WO-20251105-2693
52,WO-20251106-2817
53,WO-20251108-6789
54,WO-20251108-7358
55,WO-20251108-6617
56,WO-20251108-6233
57,WO-20251110-7250
58,WO-20251103-3772
59,WO-20251105-1530
60,WO-20251105-5012
61,WO-20251108-4045
62,WO-20251109-2210
63,WO-20251109-5986
64,WO-20251109-2487
65,WO-20251109-5995
66,WO-20251104-3283
67,WO-20251104-9405
68,WO-20251105-6110
69,WO-20251105-2384
70,WO-20251105-6025
71,WO-20251105-8980
72,WO-20251105-8921
73,WO-20251106-8108
74,WO-20251108-5756
75,WO-20251103-6320
76,WO-20251103-2319
77,WO-20251106-1193
78,WO-20251106-2261
79,WO-20251107-9163
80,WO-20251107-1886
81,WO-20251107-4082
82,WO-20251107-2447
83,WO-20251109-9256
84,WO-20251109-5167
85,WO-20251107-8677
86,WO-20251105-6543
87,WO-20251105-7274
88,WO-20251106-1968
89,WO-20251108-1598
90,WO-20251109-2597
91,WO-20251109-2521
92,WO-20251104-1055
93,WO-20251104-2054
94,WO-20251105-6926
95,WO-20251106-3697
96,WO-20251106-1812
97,WO-20251106-4763
98,WO-20251106-8477
99,WO-20251106-9759
100,WO-20251107-5524
101,WO-20251108-3580
102,WO-20251103-1707
103,WO-20251103-5481
104,WO-20251103-7324
105,WO-20251105-1772
106,WO-20251105-6341
107,WO-20251105-5127
108,WO-20251106-1333
109,WO-20251106-3332
110,WO-20251107-6566
111,WO-20251108-5342
112,WO-20251103-5841
113,WO-20251104-6322
114,WO-20251104-9795
115,WO-20251104-1386
116,WO-20251104-4244
117,WO-20251104-2689
118,WO-20251105-1449
119,WO-20251107-4397
120,WO-20251108-6647
121,WO-20251109-6674
122,WO-20251103-8679
123,WO-20251103-4490
124,WO-20251104-8862
125,WO-20251105-1628
126,WO-20251106-4371
127,WO-20251107-8386
128,WO-20251107-4145
129,WO-20251108-8265
130,WO-20251108-4368
131,WO-20251108-4852
132,WO-20251103-7031
133,WO-20251105-6733
134,WO-20251105-4700
135,WO-20251105-8532
136,WO-20251105-2184
137,WO-20251106-4625
138,WO-20251106-3025
139,WO-20251108-9982
140,WO-20251109-4771
141,WO-20251109-7570
142,WO-20251103-1552
143,WO-20251104-5151
144,WO-20251105-5443
145,WO-20251105-9585
146,WO-20251105-5260
147,WO-20251106-7497
148,WO-20251106-5760
149,WO-20251107-3195
150,WO-20251108-8967
151,WO-20251108-5014
152,WO-20251109-6971
153,WO-20251109-6076
154,WO-20251109-7135
155,WO-20251103-8179
156,WO-20251103-2519
157,WO-20251104-8091
158,WO-20251105-2395
159,WO-20251105-9199
160,WO-20251105-7176
161,WO-20251106-3702
162,WO-20251107-9538
163,WO-20251107-5497
164,WO-20251107-1637
165,WO-20251107-9898
166,WO-20251108-7098
167,WO-20251108-3272
168,WO-20251109-3326
169,WO-20251109-4045
170,WO-20251109-5944
171,WO-20251110-7993
172,WO-20251103-6592
173,WO-20251104-5591
174,WO-20251104-5586
175,WO-20251104-5675
176,WO-20251104-6672
177,WO-20251104-4955
178,WO-20251105-4232
179,WO-20251105-6798
180,WO-20251106-3531
181,WO-20251106-7546
182,WO-20251106-8102
183,WO-20251107-3710
184,WO-20251108-5957
185,WO-20251104-1768
186,WO-20251106-1180
187,WO-20251107-5424
188,WO-20251107-5378
189,WO-20251107-8261
190,WO-20251107-6104
191,WO-20251108-2756
192,WO-20251109-2072
193,WO-20251109-9933
194,WO-20251110-3810
195,WO-20251110-1758
196,WO-20251103-1661
197,WO-20251106-9829
198,WO-20251106-4229
199,WO-20251108-4106
200,WO-20251108-6785
201,WO-20251109-3007
202,WO-20251109-5116
203,WO-20251109-5223
204,WO-20251103-4175
205,WO-20251104-1913
206,WO-20251104-4081
207,WO-20251106-2353
208,WO-20251106-6203
209,WO-20251106-4266
210,WO-20251107-4459
211,WO-20251107-6932
212,WO-20251107-1002
213,WO-20251107-2928
214,WO-20251107-8850
215,WO-20251108-4256
216,WO-20251109-1768
217,WO-20251109-5825
218,WO-20251110-3143
219,WO-20251104-6162
220,WO-20251105-5389
221,WO-20251106-3906
222,WO-20251107-9653
223,WO-20251109-8655
224,WO-20251103-8236
225,WO-20251104-9500
226,WO-20251106-6668
227,WO-20251108-6521
228,WO-20251104-8768
229,WO-20251105-6856
230,WO-20251105-7563
231,WO-20251106-7843
232,WO-20251106-6906
233,WO-20251106-2369
234,WO-20251106-7755
235,WO-20251107-5312
236,WO-20251109-5010
237,WO-20251109-9878
238,WO-20251110-3485
239,WO-20251103-6797
240,WO-20251106-5613
241,WO-20251107-7684
242,WO-20251108-7254
243,WO-20251108-2391
244,WO-20251109-3635
245,WO-20251110-5407
246,WO-20251103-1630
247,WO-20251105-2718
248,WO-20251107-5742
249,WO-20251107-8603
250,WO-20251108-8812
251,WO-20251109-6673
252,WO-20251103-7099
253,WO-20251106-8657
254,WO-20251106-4214
255,WO-20251107-2932
256,WO-20251108-9422
257,WO-20251108-4525
258,WO-20251108-2862
259,WO-20251108-7120
260,WO-20251109-1360
261,WO-20251109-3557
262,WO-20251103-4584
263,WO-20251103-2169
264,WO-20251104-1295
265,WO-20251104-7900
266,WO-20251105-4342
267,WO-20251105-1986
268,WO-20251105-4625
269,WO-20251105-5533
270,WO-20251106-1849
271,WO-20251107-6515
272,WO-20251108-9611
273,WO-20251108-2113
274,WO-20251108-4048
275,WO-20251109-3930
276,WO-20251109-7455
277,WO-20251103-2875
278,WO-20251104-4644
279,WO-20251105-4275
280,WO-20251106-6347
281,WO-20251106-5587
282,WO-20251106-1360
283,WO-20251108-9591
284,WO-20251108-2529
285,WO-20251109-2957
286,WO-20251103-7812
287,WO-20251103-2750
288,WO-20251103-3687
289,WO-20251104-2245
290,WO-20251105-1191
291,WO-20251108-4554
292,WO-20251103-9716
293,WO-20251103-8419
294,WO-20251103-8812
295,WO-20251104-3476
296,WO-20251104-7001
297,WO-20251104-8692
298,WO-20251105-6468
299,WO-20251105-8275
300,WO-20251106-9008
301,WO-20251106-6077
302,WO-20251107-4959
303,WO-20251108-4062
304,WO-20251109-3534
305,WO-20251109-8858
306,WO-20251110-4321
307,WO-20251104-2582
308,WO-20251105-6646
309,WO-20251105-5364
310,WO-20251105-7586
311,WO-20251107-9418
312,WO-20251107-8080
313,WO-20251107-9462
314,WO-20251107-5678
315,WO-20251109-4269
316,WO-20251109-8796
317,WO-20251109-8789
318,WO-20251110-3392
319,WO-20251103-5780
320,WO-20251103-9125
321,WO-20251103-4970
322,WO-20251104-7250
323,WO-20251104-8396
324,WO-20251105-9490
325,WO-20251106-3560
326,WO-20251106-7809
327,WO-20251109-5481
328,WO-20251103-6468
329,WO-20251103-4074
330,WO-20251104-5657
331,WO-20251104-9740
332,WO-20251104-3975
333,WO-20251104-2478
334,WO-20251105-9792
335,WO-20251105-7260
336,WO-20251105-1500
337,WO-20251105-1402
338,WO-20251106-5418
339,WO-20251107-7377
340,WO-20251107-1006
341,WO-20251107-8476
342,WO-20251107-3261
343,WO-20251108-1209
344,WO-20251109-5559
345,WO-20251106-4370
346,WO-20251106-7360
347,WO-20251106-4552
348,WO-20251108-3656
349,WO-20251108-4871
350,WO-20251109-8057
351,WO-20251109-9623
352,WO-20251109-9952
353,WO-20251109-3720
354,WO-20251103-9328
355,WO-20251104-9859
356,WO-20251106-7254
357,WO-20251106-2091
358,WO-20251106-3703
359,WO-20251108-2468
360,WO-20251109-6101
361,WO-20251110-7091
362,WO-20251110-3222
363,WO-20251110-6487
364,WO-20251104-9899
365,WO-20251105-7356
366,WO-20251106-7208
367,WO-20251106-7625
368,WO-20251107-3945
369,WO-20251107-9332
370,WO-20251108-2650
371,WO-20251108-9828
372,WO-20251109-3088
373,WO-20251109-7253
374,WO-20251109-9386
375,WO-20251103-8576
376,WO-20251103-9329
377,WO-20251104-5551
378,WO-20251104-1100
379,WO-20251105-7786
380,WO-20251105-8735
381,WO-20251105-8020
382,WO-20251107-6528
383,WO-20251107-8247
384,WO-20251108-1833
385,WO-20251109-3497
386,WO-20251104-6593
387,WO-20251104-5023
388,WO-20251104-7742
389,WO-20251105-5537
390,WO-20251105-6855
391,WO-20251105-8101
392,WO-20251106-5401
393,WO-20251106-8720
394,WO-20251106-6587
395,WO-20251106-8442
396,WO-20251106-4888
397,WO-20251107-3931
398,WO-20251107-8051
399,WO-20251109-9410
400,WO-20251103-1861
401,WO-20251104-8746
402,WO-20251106-6714
403,WO-20251108-5835
404,WO-20251109-7463
405,WO-20251110-8281
406,WO-20251103-1094
407,WO-20251103-1125
408,WO-20251104-6816
409,WO-20251104-1244
410,WO-20251105-3521
411,WO-20251105-2634
412,WO-20251105-5230
413,WO-20251105-5503
414,WO-20251106-6575
415,WO-20251107-7963
416,WO-20251107-6442
417,WO-20251108-8840
418,WO-20251108-9562
419,WO-20251110-7970
420,WO-20251110-3561
421,WO-20251103-9306
422,WO-20251103-2759
423,WO-20251103-4326
424,WO-20251105-9287
425,WO-20251105-3675
426,WO-20251105-9590
427,WO-20251105-9109
428,WO-20251106-7733
429,WO-20251106-9208
430,WO-20251107-3524
431,WO-20251108-5710
432,WO-20251108-9047
433,WO-20251109-5172
434,WO-20251109-3974
435,WO-20251109-2501
436,WO-20251110-7068
437,WO-20251103-6314
438,WO-20251104-9625
439,WO-20251104-7452
440,WO-20251104-1889
441,WO-20251106-1148
442,WO-20251107-3270
443,WO-20251108-5801
444,WO-20251108-7195
445,WO-20251104-4138
446,WO-20251104-7697
447,WO-20251105-7209
448,WO-20251106-5317
449,WO-20251109-7739
450,WO-20251109-6629
451,WO-20251103-5033
452,WO-20251104-5228
453,WO-20251105-7569
454,WO-20251105-7055
455,WO-20251106-7029
456,WO-20251106-6985
457,WO-20251107-2455
458,WO-20251107-8345
459,WO-20251107-8171
460,WO-20251107-1407
461,WO-20251108-7664
462,WO-20251108-3147
463,WO-20251109-1356
464,WO-20251105-6289
465,WO-20251106-5708
466,WO-20251106-5085
467,WO-20251107-3775
468,WO-20251107-6289
469,WO-20251108-3060
470,WO-20251108-6217
471,WO-20251108-4558
472,WO-20251109-1049
473,WO-20251109-7831
474,WO-20251103-2130
475,WO-20251104-3374
476,WO-20251104-9837
477,WO-20251104-7300
478,WO-20251106-2317
479,WO-20251107-7469
480,WO-20251108-8543
481,WO-20251108-3905
482,WO-20251108-2310
483,WO-20251103-8404
484,WO-20251104-5684
485,WO-20251104-9741
486,WO-20251107-9379
487,WO-20251107-1496
488,WO-20251107-8542
489,WO-20251107-8652
490,WO-20251108-7090
491,WO-20251108-3109
492,WO-20251103-9252
493,WO-20251104-9562
494,WO-20251105-9632
495,WO-20251106-3563
496,WO-20251106-5205
497,WO-20251107-1227
498,WO-20251107-8698
499,WO-20251107-2757
500,WO-20251108-9163
501,WO-20251108-4078
502,WO-20251109-1152
503,WO-20251103-8056
504,WO-20251103-4456
505,WO-20251106-2637
506,WO-20251106-1163
507,WO-20251106-4940
508,WO-20251107-3940
509,WO-20251108-6349
510,WO-20251109-3253
511,WO-20251103-6897
512,WO-20251103-5357
513,WO-20251105-6834
514,WO-20251107-9930
515,WO-20251109-9920
516,WO-20251103-3904
517,WO-20251104-8675
518,WO-20251105-5554
519,WO-20251105-9382
520,WO-20251105-1862
521,WO-20251106-8097
522,WO-20251107-6091
523,WO-20251107-5503
524,WO-20251107-4080
525,WO-20251107-9213
526,WO-20251108-2128
527,WO-20251108-9990
528,WO-20251109-7077
529,WO-20251103-2500
530,WO-20251104-3657
531,WO-20251104-7354
532,WO-20251104-7722
533,WO-20251105-5329
534,WO-20251105-6892
535,WO-20251105-5464
536,WO-20251105-3569
537,WO-20251106-5453
538,WO-20251106-1065
539,WO-20251107-4985
540,WO-20251108-3052
541,WO-20251108-8255
542,WO-20251109-2401
543,WO-20251109-5427
544,WO-20251109-6861
545,WO-20251109-4488
546,WO-20251103-1285
547,WO-20251103-3863
548,WO-20251104-6645
549,WO-20251104-4026
550,WO-20251105-8919
551,WO-20251105-9785
552,WO-20251105-4831
553,WO-20251106-7054
554,WO-20251107-5731
555,WO-20251107-9086
556,WO-20251107-9428
557,WO-20251107-6684
558,WO-20251108-3427
559,WO-20251109-8896
560,WO-20251109-8918
561,WO-20251110-8668
562,WO-20251103-9666
563,WO-20251104-3429
564,WO-20251104-6411
565,WO-20251105-6009
566,WO-20251106-4680
567,WO-20251106-3853
568,WO-20251107-3200
569,WO-20251109-8603
570,WO-20251109-8960
571,WO-20251109-9841
572,WO-20251104-1090
573,WO-20251104-8657
574,WO-20251104-1821
575,WO-20251104-6579
576,WO-20251104-2306
577,WO-20251108-7770
578,WO-20251109-7430
579,WO-20251103-2960
580,WO-20251103-4173
581,WO-20251103-4607
582,WO-20251103-4109
583,WO-20251104-9808
584,WO-20251105-6766
585,WO-20251106-6835
586,WO-20251109-6426
587,WO-20251103-4440
588,WO-20251104-4257
589,WO-20251105-8015
590,WO-20251106-4323
591,WO-20251107-1032
592,WO-20251107-8754
593,WO-20251107-8396
594,WO-20251107-6335
595,WO-20251107-5860
596,WO-20251103-1827
597,WO-20251104-3513
598,WO-20251104-4567
599,WO-20251105-6016
600,WO-20251105-3783
601,WO-20251105-6020
602,WO-20251107-1280
603,WO-20251108-5051
604,WO-20251109-9438
605,WO-20251109-3171
606,WO-20251103-3969
607,WO-20251103-1671
608,WO-20251103-5482
609,WO-20251105-2836
610,WO-20251106-1565
611,WO-20251107-4779
612,WO-20251108-7048
613,WO-20251109-4319
614,WO-20251109-9212
615,WO-20251109-7574
616,WO-20251109-9648
617,WO-20251103-5021
618,WO-20251104-3555
619,WO-20251106-1484
620,WO-20251106-4182
621,WO-20251106-9890
622,WO-20251106-6469
623,WO-20251108-4672
624,WO-20251110-8927
625,WO-20251103-7212
626,WO-20251104-5314
627,WO-20251104-8034
628,WO-20251105-8066
629,WO-20251105-2327
630,WO-20251106-1122
631,WO-20251108-9935
632,WO-20251108-3819
633,WO-20251108-1891
634,WO-20251109-6044
635,WO-20251110-2927
636,WO-20251103-8970
637,WO-20251103-1892
638,WO-20251103-1294
639,WO-20251104-1584
640,WO-20251104-6577
641,WO-20251105-9738
642,WO-20251106-7023
643,WO-20251106-9400
644,WO-20251107-8726
645,WO-20251107-8860
646,WO-20251108-2513
647,WO-20251108-9601
648,WO-20251103-8489
649,WO-20251103-7376
650,WO-20251103-4811
651,WO-20251104-1288
652,WO-20251105-7993
653,WO-20251106-2760
654,WO-20251106-8766
655,WO-20251107-5673
656,WO-20251107-8137
657,WO-20251107-3079
658,WO-20251107-9690
659,WO-20251109-8986
660,WO-20251109-2833
661,WO-20251103-3731
662,WO-20251104-2447
663,WO-20251104-3800
664,WO-20251106-3711
665,WO-20251106-5290
666,WO-20251106-3677
667,WO-20251107-9325
668,WO-20251108-8856
669,WO-20251108-1313
670,WO-20251103-7609
671,WO-20251103-5577
672,WO-20251104-4001
673,WO-20251105-7089
674,WO-20251106-5907
675,WO-20251106-8332
676,WO-20251107-3131
677,WO-20251108-4642
678,WO-20251108-9495
679,WO-20251109-8904
680,WO-20251109-2525
681,WO-20251104-6796
682,WO-20251105-1663
683,WO-20251106-7845
684,WO-20251107-5297
685,WO-20251107-9841
686,WO-20251108-6485
687,WO-20251109-3100
688,WO-20251109-8312
689,WO-20251110-3128
690,WO-20251103-4743
691,WO-20251104-1818
692,WO-20251105-2529
693,WO-20251105-2332
694,WO-20251105-9699
695,WO-20251107-2654
696,WO-20251107-3403
697,WO-20251107-5957
698,WO-20251107-5418
699,WO-20251108-2713
700,WO-20251104-4775
701,WO-20251104-4384
702,WO-20251104-1865
703,WO-20251105-9897
704,WO-20251106-1327
705,WO-20251107-9885
706,WO-20251108-3461
707,WO-20251109-7693
708,WO-20251109-2333
709,WO-20251109-9234
710,WO-20251103-9853
711,WO-20251104-9130
712,WO-20251106-9018
713,WO-20251106-9120
714,WO-20251106-9216
715,WO-20251107-8519
716,WO-20251108-9707
717,WO-20251108-7670
718,WO-20251109-9512
719,WO-20251104-5078
720,WO-20251105-6267
721,WO-20251105-7537
722,WO-20251106-7990
723,WO-20251106-3895
724,WO-20251107-1328
725,WO-20251107-5835
726,WO-20251108-2343
727,WO-20251110-6021
728,WO-20251104-1174
729,WO-20251105-7059
730,WO-20251106-3781
731,WO-20251107-7381
732,WO-20251107-6477
733,WO-20251107-1933
734,WO-20251109-7735
735,WO-20251110-2928
736,WO-20251103-1475
737,WO-20251104-2313
738,WO-20251104-3689
739,WO-20251104-2041
740,WO-20251105-3653
741,WO-20251105-5860
742,WO-20251105-8446
743,WO-20251105-5552
744,WO-20251106-9378
745,WO-20251106-7978
746,WO-20251106-3150
747,WO-20251106-6349
748,WO-20251108-8748
749,WO-20251109-1474
750,WO-20251104-5524
751,WO-20251104-4407
752,WO-20251105-4088
753,WO-20251106-3838
754,WO-20251107-9894
755,WO-20251107-4144
756,WO-20251107-6178
757,WO-20251109-9628
758,WO-20251109-9373
759,WO-20251109-1782
760,WO-20251109-1472
761,WO-20251109-2371
762,WO-20251103-5456
763,WO-20251104-3994
764,WO-20251104-3892
765,WO-20251104-8986
766,WO-20251104-6539
767,WO-20251105-3417
768,WO-20251105-6486
769,WO-20251106-7748
770,WO-20251107-4120
771,WO-20251107-9282
772,WO-20251109-7571
773,WO-20251103-1370
774,WO-20251103-4791
775,WO-20251104-1546
776,WO-20251107-6905
777,WO-20251108-9735
778,WO-20251108-5827
779,WO-20251108-7110
780,WO-20251109-6765
781,WO-20251104-7031
782,WO-20251106-4276
783,WO-20251106-1594
784,WO-20251106-2578
785,WO-20251106-3925
786,WO-20251106-7842
787,WO-20251107-3977
788,WO-20251108-5196
789,WO-20251108-9890
790,WO-20251108-8707
791,WO-20251109-5876
792,WO-20251104-9106
793,WO-20251107-6209
794,WO-20251108-4477
795,WO-20251109-4231
796,WO-20251110-9152
797,WO-20251104-6233
798,WO-20251104-4395
799,WO-20251104-9974
800,WO-20251105-4081
801,WO-20251107-8428
802,WO-20251108-2630
803,WO-20251110-4098
804,WO-20251103-5971
805,WO-20251103-1631
806,WO-20251103-9575
807,WO-20251103-2996
808,WO-20251105-5716
809,WO-20251105-4297
810,WO-20251105-1832
811,WO-20251106-3661
812,WO-20251107-6023
813,WO-20251109-9891
814,WO-20251109-4125
815,WO-20251103-8449
816,WO-20251103-1161
817,WO-20251103-5790
818,WO-20251103-1929
819,WO-20251104-8233
820,WO-20251105-6852
821,WO-20251106-7532
822,WO-20251106-4529
823,WO-20251106-5637
824,WO-20251107-3328
825,WO-20251107-2290
826,WO-20251107-1466
827,WO-20251107-4119
828,WO-20251107-8954
829,WO-20251108-3552
830,WO-20251109-1189
831,WO-20251103-5199
832,WO-20251103-6633
833,WO-20251103-7396
834,WO-20251106-7154
835,WO-20251107-1270
836,WO-20251107-7608
837,WO-20251108-5908
838,WO-20251108-7437
839,WO-20251108-5020
840,WO-20251109-2408
841,WO-20251109-7134
842,WO-20251110-8889
843,WO-20251104-1985
844,WO-20251104-7713
845,WO-20251104-8652
846,WO-20251105-3243
847,WO-20251105-3745
848,WO-20251105-9205
849,WO-20251106-1749
850,WO-20251107-4610
851,WO-20251107-1650
852,WO-20251108-7555
853,WO-20251109-2844
854,WO-20251109-7172
855,WO-20251103-1950
856,WO-20251104-3284
857,WO-20251105-4695
858,WO-20251105-3162
859,WO-20251106-1975
860,WO-20251106-3546
861,WO-20251108-6174
862,WO-20251109-7027
863,WO-20251109-9411
864,WO-20251109-8596
865,WO-20251103-7652
866,WO-20251104-6141
867,WO-20251105-6524
868,WO-20251106-5135
869,WO-20251108-2545
870,WO-20251108-6337
871,WO-20251109-3923
872,WO-20251110-2854
873,WO-20251103-7284
874,WO-20251104-1877
875,WO-20251104-6137
876,WO-20251104-2658
877,WO-20251105-8904
878,WO-20251106-9264
879,WO-20251107-7611
880,WO-20251109-3632
881,WO-20251110-8474
882,WO-20251105-2210
883,WO-20251107-1355
884,WO-20251108-8668
885,WO-20251108-5939
886,WO-20251109-7810
887,WO-20251109-6347
888,WO-20251104-8548
889,WO-20251105-2486
890,WO-20251107-3225
891,WO-20251107-9662
892,WO-20251107-6909
893,WO-20251109-7276
894,WO-20251109-3083
895,WO-20251104-6153
896,WO-20251104-6392
897,WO-20251104-7229
898,WO-20251105-9998
899,WO-20251105-4076
900,WO-20251106-6024
901,WO-20251106-1929
902,WO-20251107-2836
903,WO-20251108-8378
904,WO-20251108-4585
905,WO-20251108-7482
906,WO-20251109-7402
907,WO-20251103-2925
908,WO-20251104-1583
909,WO-20251104-4932
910,WO-20251104-9991
911,WO-20251105-9512
912,WO-20251105-6443
913,WO-20251108-4414
914,WO-20251109-4463
915,WO-20251110-9996
916,WO-20251104-2824
917,WO-20251106-4174
918,WO-20251107-1504
919,WO-20251107-5969
920,WO-20251108-6281
921,WO-20251108-8940
922,WO-20251109-4212
923,WO-20251110-1156
924,WO-20251103-1659
925,WO-20251103-2338
926,WO-20251104-5635
927,WO-20251106-8769
928,WO-20251106-5062
929,WO-20251107-7476
930,WO-20251108-6873
931,WO-20251109-7035
932,WO-20251109-2883
933,WO-20251109-6850
934,WO-20251110-6629
935,WO-20251110-8723
936,WO-20251104-5581
937,WO-20251104-1897
938,WO-20251105-8145
939,WO-20251106-1559
940,WO-20251106-8699
941,WO-20251107-2718
942,WO-20251107-9187
943,WO-20251108-1193
944,WO-20251109-8148
945,WO-20251103-8833
946,WO-20251103-1386
947,WO-20251103-7846
948,WO-20251104-5992
949,WO-20251104-8529
950,WO-20251104-2088
951,WO-20251107-5883
952,WO-20251103-7287
953,WO-20251103-3309
954,WO-20251104-2129
955,WO-20251104-2777
956,WO-20251104-1726
957,WO-20251105-5234
958,WO-20251106-4801
959,WO-20251106-4129
960,WO-20251107-3934
961,WO-20251108-4271
962,WO-20251109-1196
963,WO-20251109-7572
964,WO-20251103-2230
965,WO-20251104-1600
966,WO-20251105-3894
967,WO-20251107-4517
968,WO-20251107-4534
969,WO-20251107-3144
970,WO-20251107-4951
971,WO-20251107-8317
972,WO-20251108-8004
973,WO-20251108-5805
974,WO-20251108-9288
975,WO-20251108-1154
976,WO-20251109-7842
977,WO-20251109-8747
978,WO-20251109-6413
979,WO-20251110-7570
980,WO-20251110-1427
981,WO-20251103-3800
982,WO-20251103-3490
983,WO-20251105-1435
984,WO-20251107-6422
985,WO-20251107-1602
986,WO-20251109-9003
987,WO-20251109-3876
988,WO-20251103-8901
989,WO-20251104-3708
990,WO-20251105-5029
991,WO-20251105-7212
992,WO-20251108-4349
993,WO-20251108-9323
994,WO-20251109-5438
995,WO-20251109-4893
996,WO-20251109-1478
997,WO-20251109-4946
998,WO-20251110-6734
999,WO-20251105-9814
1000,WO-20251106-5385
1001,WO-20251106-8663
1002,WO-20251107-7723
1003,WO-20251107-9525
1004,WO-20251108-3196
1005,WO-20251108-8438
1006,WO-20251108-1148
1007,WO-20251109-5648
1008,WO-20251110-8671
1009,WO-20251103-6887
1010,WO-20251104-1931
1011,WO-20251106-8117
1012,WO-20251106-6284
1013,WO-20251108-3883
1014,WO-20251109-1916
1015,WO-20251110-6891
1016,WO-20251110-9936
1017,WO-20251103-6962
1018,WO-20251103-7139
1019,WO-20251105-6409
1020,WO-20251106-9561
1021,WO-20251107-6103
1022,WO-20251108-1405
1023,WO-20251109-5922
1024,WO-20251103-6084
1025,WO-20251103-4690
1026,WO-20251103-3783
1027,WO-20251103-6255
1028,WO-20251104-5939
1029,WO-20251104-3575
1030,WO-20251105-7324
1031,WO-20251105-3371
1032,WO-20251106-9630
1033,WO-20251107-7709
1034,WO-20251107-3147
1035,WO-20251108-4914
1036,WO-20251108-9613
1037,WO-20251108-2194
1038,WO-20251109-8724
1039,WO-20251110-7496
1040,WO-20251103-6439
1041,WO-20251103-6750
1042,WO-20251105-8142
1043,WO-20251105-5758
1044,WO-20251106-4726
1045,WO-20251107-7512
1046,WO-20251108-5132
1047,WO-20251109-7681
1048,WO-20251110-2016
1049,WO-20251103-3324
1050,WO-20251104-6378
1051,WO-20251105-7966
1052,WO-20251106-4943
1053,WO-20251106-4877
1054,WO-20251107-4688
1055,WO-20251108-9559
1056,WO-20251109-3361
1057,WO-20251110-8501
1058,WO-20251104-5566
1059,WO-20251104-3274
1060,WO-20251106-7603
1061,WO-20251107-6383
1062,WO-20251107-2055
1063,WO-20251107-8102
1064,WO-20251107-1742
1065,WO-20251108-7369
1066,WO-20251103-4056
1067,WO-20251104-6484
1068,WO-20251107-7085
1069,WO-20251107-2116
1070,WO-20251107-3822
1071,WO-20251107-7574
1072,WO-20251108-9426
1073,WO-20251108-2179
1074,WO-20251108-4061
1075,WO-20251109-8025
1076,WO-20251109-8044
1077,WO-20251103-4356
1078,WO-20251104-7553
1079,WO-20251105-6133
1080,WO-20251105-8807
1081,WO-20251105-5497
1082,WO-20251106-5723
1083,WO-20251106-7697
1084,WO-20251107-6950
1085,WO-20251109-8806
1086,WO-20251109-1005
1087,WO-20251109-7564
1088,WO-20251103-3437
1089,WO-20251104-6560
1090,WO-20251104-3756
1091,WO-20251104-7044
1092,WO-20251105-6520
1093,WO-20251105-9273
1094,WO-20251106-3609
1095,WO-20251106-6331
1096,WO-20251107-3137
1097,WO-20251107-8619
1098,WO-20251107-9997
1099,WO-20251109-8257
1100,WO-20251109-9190
1101,WO-20251109-6318
1102,WO-20251109-6130
1103,WO-20251109-9585
1104,WO-20251103-5555
1105,WO-20251103-7132
1106,WO-20251104-1743
1107,WO-20251105-6825
1108,WO-20251107-3424
1109,WO-20251104-5530
1110,WO-20251106-2499
1111,WO-20251107-6844
1112,WO-20251108-4530
1113,WO-20251108-8517
1114,WO-20251108-8156
1115,WO-20251108-1318
1116,WO-20251103-5000
1117,WO-20251103-6552
1118,WO-20251105-5671
1119,WO-20251106-7028
1120,WO-20251106-9271
1121,WO-20251106-8131
1122,WO-20251107-5940
1123,WO-20251107-3475
1124,WO-20251108-2248
1125,WO-20251108-5250
1126,WO-20251104-2996
1127,WO-20251105-3170
1128,WO-20251105-9752
1129,WO-20251106-7549
1130,WO-20251106-2345
1131,WO-20251107-9516
1132,WO-20251108-4842
1133,WO-20251108-6191
1134,WO-20251108-7041
1135,WO-20251109-7642
1136,WO-20251104-5549
1137,WO-20251104-5846
1138,WO-20251106-4288
1139,WO-20251107-5451
1140,WO-20251107-1260
1141,WO-20251108-5103
1142,WO-20251108-6279
1143,WO-20251108-1566
1144,WO-20251108-3023
1145,WO-20251109-7133
1146,WO-20251109-5564
1147,WO-20251110-8163
1148,WO-20251103-7544
1149,WO-20251104-6648
1150,WO-20251105-3890
1151,WO-20251106-2440
1152,WO-20251107-7485
1153,WO-20251108-8214
1154,WO-20251108-6083
1155,WO-20251108-5451
1156,WO-20251110-6984
1157,WO-20251103-9966
1158,WO-20251104-5372
1159,WO-20251105-6630
1160,WO-20251106-1354
1161,WO-20251106-3014
1162,WO-20251106-3305
1163,WO-20251106-9300
1164,WO-20251107-8649
1165,WO-20251108-4643
1166,WO-20251104-2469
1167,WO-20251105-3372
1168,WO-20251105-2127
1169,WO-20251105-1659
1170,WO-20251110-6588
1171,WO-20251104-9081
1172,WO-20251105-5370
1173,WO-20251105-3822
1174,WO-20251107-2289
1175,WO-20251107-1705
1176,WO-20251108-5473
1177,WO-20251108-3621
1178,WO-20251109-9413
1179,WO-20251103-4897
1180,WO-20251103-4648
1181,WO-20251103-4093
1182,WO-20251104-5070
1183,WO-20251104-9055
1184,WO-20251105-2291
1185,WO-20251105-1792
1186,WO-20251106-6693
1187,WO-20251106-8274
1188,WO-20251106-4754
1189,WO-20251106-1125
1190,WO-20251108-4381
1191,WO-20251109-6995
1192,WO-20251109-3613
1193,WO-20251103-5297
1194,WO-20251103-6115
1195,WO-20251103-8304
1196,WO-20251104-9095
1197,WO-20251104-6818
1198,WO-20251105-4775
1199,WO-20251106-3291
1200,WO-20251106-3968
1201,WO-20251108-7620
1202,WO-20251109-3670
1203,WO-20251109-8364
1204,WO-20251109-5082
1205,WO-20251103-1936
1206,WO-20251103-2704
1207,WO-20251103-7228
1208,WO-20251104-4177
1209,WO-20251104-5759
1210,WO-20251105-4932
1211,WO-20251105-8078
1212,WO-20251105-7611
1213,WO-20251105-1027
1214,WO-20251106-2704
1215,WO-20251107-5808
1216,WO-20251107-4752
1217,WO-20251107-7906
1218,WO-20251104-7592
1219,WO-20251105-7321
1220,WO-20251105-1539
1221,WO-20251105-3529
1222,WO-20251106-7018
1223,WO-20251106-4097
1224,WO-20251106-7091
1225,WO-20251108-8148
1226,WO-20251108-3584
1227,WO-20251108-5790
1228,WO-20251109-5047
1229,WO-20251109-5231
1230,WO-20251109-1068
1231,WO-20251109-1791
1232,WO-20251110-7360
1233,WO-20251103-6881
1234,WO-20251103-1022
1235,WO-20251103-8094
1236,WO-20251104-7507
1237,WO-20251105-1511
1238,WO-20251106-1554
1239,WO-20251106-1022
1240,WO-20251108-6493
1241,WO-20251108-7038
1242,WO-20251108-9664
1243,WO-20251108-2216
1244,WO-20251109-8874
1245,WO-20251109-1387
1246,WO-20251109-6737
1247,WO-20251110-5056
1248,WO-20251103-2929
1249,WO-20251104-6016
1250,WO-20251105-8487
1251,WO-20251106-6684
1252,WO-20251106-6131
1253,WO-20251107-3264
1254,WO-20251107-1895
1255,WO-20251108-8897
1256,WO-20251108-7310
1257,WO-20251108-8509
1258,WO-20251109-7568
1259,WO-20251109-9088
1260,WO-20251109-8891
1261,WO-20251104-5357
1262,WO-20251104-9904
1263,WO-20251105-1244
1264,WO-20251107-6296
1265,WO-20251107-1514
1266,WO-20251107-8223
1267,WO-20251108-9868
1268,WO-20251108-1722
1269,WO-20251103-8513
1270,WO-20251104-9738
1271,WO-20251104-9080
1272,WO-20251104-1916
1273,WO-20251107-6096
1274,WO-20251107-9555
1275,WO-20251108-6099
1276,WO-20251108-1130
1277,WO-20251108-4091
1278,WO-20251103-4972
1279,WO-20251104-6868
1280,WO-20251105-5126
1281,WO-20251106-6970
1282,WO-20251108-5547
1283,WO-20251108-9620
1284,WO-20251108-7275
1285,WO-20251109-6446
1286,WO-20251103-6791
1287,WO-20251104-8135
1288,WO-20251104-8641
1289,WO-20251105-3067
1290,WO-20251108-3904
1291,WO-20251108-6869
1292,WO-20251109-9230
1293,WO-20251103-6000
1294,WO-20251104-2888
1295,WO-20251105-2120
1296,WO-20251105-3268
1297,WO-20251106-6333
1298,WO-20251106-5031
1299,WO-20251106-2004
1300,WO-20251106-3665
1301,WO-20251106-2013
1302,WO-20251103-6789
1303,WO-20251105-6458
1304,WO-20251105-2203
1305,WO-20251106-1684
1306,WO-20251108-7859
1307,WO-20251108-8989
1308,WO-20251109-9694
1309,WO-20251109-1747
1310,WO-20251109-9498
1311,WO-20251103-2394
1312,WO-20251104-9711
1313,WO-20251104-4683
1314,WO-20251105-8769
1315,WO-20251108-7377
1316,WO-20251109-4827
1317,WO-20251110-9983
1318,WO-20251103-2774
1319,WO-20251105-1952
1320,WO-20251105-5925
1321,WO-20251106-9998
1322,WO-20251107-1299
1323,WO-20251107-5295
1324,WO-20251107-8084
1325,WO-20251108-9715
1326,WO-20251109-3466
1327,WO-20251109-9663
1328,WO-20251110-9558
1329,WO-20251104-3987
1330,WO-20251105-7079
1331,WO-20251105-7609
1332,WO-20251105-3493
1333,WO-20251106-1209
1334,WO-20251107-1448
1335,WO-20251107-5852
1336,WO-20251108-9500
1337,WO-20251109-9929
1338,WO-20251109-3284
1339,WO-20251103-3393
1340,WO-20251104-6712
1341,WO-20251104-7852
1342,WO-20251105-8111
1343,WO-20251105-8962
1344,WO-20251105-8103
1345,WO-20251105-9770
1346,WO-20251105-1592
1347,WO-20251106-4458
1348,WO-20251106-2216
1349,WO-20251106-7444
1350,WO-20251107-2429
1351,WO-20251109-8490
1352,WO-20251104-7792
1353,WO-20251107-8796
1354,WO-20251108-1522
1355,WO-20251110-1944
1356,WO-20251103-5307
1357,WO-20251104-3155
1358,WO-20251104-1722
1359,WO-20251104-9651
1360,WO-20251107-9186
1361,WO-20251107-1017
1362,WO-20251107-3903
1363,WO-20251108-4207
1364,WO-20251108-4823
1365,WO-20251109-4345
1366,WO-20251109-3674
1367,WO-20251104-4935
1368,WO-20251104-7806
1369,WO-20251106-2006
1370,WO-20251106-7707
1371,WO-20251108-7186
1372,WO-20251109-3240
1373,WO-20251109-5988
1374,WO-20251105-9001
1375,WO-20251105-8835
1376,WO-20251105-4055
1377,WO-20251106-2842
1378,WO-20251106-3984
1379,WO-20251106-6708
1380,WO-20251107-3665
1381,WO-20251108-8394
1382,WO-20251108-2598
1383,WO-20251108-4856
1384,WO-20251109-7122
1385,WO-20251110-3849
1386,WO-20251103-1002
1387,WO-20251104-3251
1388,WO-20251105-9142
1389,WO-20251106-1024
1390,WO-20251107-8637
1391,WO-20251107-3546
1392,WO-20251110-6971
1393,WO-20251104-8088
1394,WO-20251104-7500
1395,WO-20251104-4083
1396,WO-20251104-5498
1397,WO-20251104-8635
1398,WO-20251105-5221
1399,WO-20251106-1580
1400,WO-20251106-3886
1401,WO-20251107-3021
1402,WO-20251107-3764
1403,WO-20251109-7119
1404,WO-20251103-8083
1405,WO-20251103-8006
1406,WO-20251103-4676
1407,WO-20251104-6060
1408,WO-20251104-9249
1409,WO-20251104-1752
1410,WO-20251104-1946
1411,WO-20251105-9045
1412,WO-20251106-7723
1413,WO-20251106-1828
1414,WO-20251106-6774
1415,WO-20251107-6670
1416,WO-20251107-5250
1417,WO-20251107-1220
1418,WO-20251107-2410
1419,WO-20251108-9032
1420,WO-20251109-4198
1421,WO-20251103-8374
1422,WO-20251104-3261
1423,WO-20251104-8607
1424,WO-20251104-8410
1425,WO-20251105-2577
1426,WO-20251109-3687
1427,WO-20251109-8374
1428,WO-20251109-2629
1429,WO-20251110-6965
1430,WO-20251103-8311
1431,WO-20251105-3661
1432,WO-20251105-6885
1433,WO-20251106-5570
1434,WO-20251106-8176
1435,WO-20251108-7457
1436,WO-20251109-9717
1437,WO-20251109-7266
1438,WO-20251109-4728
1439,WO-20251103-4924
1440,WO-20251104-1069
1441,WO-20251104-1358
1442,WO-20251106-7097
1443,WO-20251107-3292
1444,WO-20251104-8933
1445,WO-20251104-6600
1446,WO-20251105-9599
1447,WO-20251105-1177
1448,WO-20251106-3156
1449,WO-20251106-7508
1450,WO-20251106-6305
1451,WO-20251106-1732
1452,WO-20251107-5545
1453,WO-20251107-7286
1454,WO-20251107-8574
1455,WO-20251107-8465
1456,WO-20251108-9680
1457,WO-20251109-2750
1458,WO-20251109-1537
1459,WO-20251109-5443
1460,WO-20251109-7772
1461,WO-20251103-7588
1462,WO-20251104-6037
1463,WO-20251104-3925
1464,WO-20251106-9353
1465,WO-20251107-1642
1466,WO-20251107-8492
1467,WO-20251108-9186
1468,WO-20251103-4236
1469,WO-20251104-2048
1470,WO-20251104-5565
1471,WO-20251105-8144
1472,WO-20251106-6866
1473,WO-20251107-3547
1474,WO-20251108-5768
1475,WO-20251108-6172
1476,WO-20251109-1259
1477,WO-20251110-9448
1478,WO-20251104-8825
1479,WO-20251104-7902
1480,WO-20251105-5457
1481,WO-20251105-4044
1482,WO-20251106-4036
1483,WO-20251106-8849
1484,WO-20251106-4420
1485,WO-20251106-9958
1486,WO-20251108-6061
1487,WO-20251109-7700
1488,WO-20251110-8856
1489,WO-20251110-5158
1490,WO-20251104-9428
1491,WO-20251104-1614
1492,WO-20251104-9708
1493,WO-20251105-4841
1494,WO-20251107-5324
1495,WO-20251109-7336
1496,WO-20251103-8574
1497,WO-20251103-7610
1498,WO-20251104-8069
1499,WO-20251104-9584
1500,WO-20251105-9131
1501,WO-20251106-7084
1502,WO-20251107-5604
1503,WO-20251104-6831
1504,WO-20251104-5041
1505,WO-20251104-4641
1506,WO-20251104-8631
1507,WO-20251105-4339
1508,WO-20251105-7413
1509,WO-20251106-5068
1510,WO-20251106-7238
1511,WO-20251107-8461
1512,WO-20251108-1121
1513,WO-20251109-4287
1514,WO-20251109-3377
1515,WO-20251104-3949
1516,WO-20251105-7506
1517,WO-20251105-6416
1518,WO-20251106-8248
1519,WO-20251107-1451
1520,WO-20251109-5489
1521,WO-20251103-2756
1522,WO-20251104-8095
1523,WO-20251104-7327
1524,WO-20251105-5889
1525,WO-20251105-4251
1526,WO-20251106-8629
1527,WO-20251106-5714
1528,WO-20251106-5033
1529,WO-20251106-1660
1530,WO-20251107-9349
1531,WO-20251105-7792
1532,WO-20251105-3433
1533,WO-20251105-9530
1534,WO-20251105-2540
1535,WO-20251106-4590
1536,WO-20251106-1493
1537,WO-20251107-2778
1538,WO-20251107-8320
1539,WO-20251108-2022
1540,WO-20251108-5185
1541,WO-20251109-4578
1542,WO-20251103-4040
1543,WO-20251103-2812
1544,WO-20251104-5541
1545,WO-20251106-9174
1546,WO-20251106-7767
1547,WO-20251107-8670
1548,WO-20251108-4223
1549,WO-20251109-7600
1550,WO-20251103-7229
1551,WO-20251104-5331
1552,WO-20251105-8890
1553,WO-20251105-5436
1554,WO-20251105-1608
1555,WO-20251105-4194
1556,WO-20251106-3483
1557,WO-20251106-5261
1558,WO-20251107-3812
1559,WO-20251108-6400
1560,WO-20251109-1615
1561,WO-20251103-8538
1562,WO-20251105-4439
1563,WO-20251107-9696
1564,WO-20251107-8116
1565,WO-20251108-7039
1566,WO-20251109-9389
1567,WO-20251109-2237
1568,WO-20251104-4250
1569,WO-20251104-9593
1570,WO-20251105-2655
1571,WO-20251106-5318
1572,WO-20251107-2367
1573,WO-20251107-7531
1574,WO-20251107-1813
1575,WO-20251107-2610
1576,WO-20251107-5065
1577,WO-20251108-3480
1578,WO-20251108-6357
1579,WO-20251109-4692
1580,WO-20251103-4786
1581,WO-20251104-6558
1582,WO-20251104-2133
1583,WO-20251104-1969
1584,WO-20251104-5080
1585,WO-20251105-1048
1586,WO-20251105-8434
1587,WO-20251106-4658
1588,WO-20251107-1288
1589,WO-20251107-8026
1590,WO-20251107-3876
1591,WO-20251109-9421
1592,WO-20251109-8317
1593,WO-20251109-5677
1594,WO-20251104-4332
1595,WO-20251104-5225
1596,WO-20251105-4952
1597,WO-20251105-1106
1598,WO-20251106-1785
1599,WO-20251107-2459
1600,WO-20251108-2907
1601,WO-20251108-7399
1602,WO-20251103-5208
1603,WO-20251103-1086
1604,WO-20251104-8237
1605,WO-20251107-3372
1606,WO-20251107-4770
1607,WO-20251108-6408
1608,WO-20251109-7920
1609,WO-20251109-2398
1610,WO-20251109-7195
1611,WO-20251110-6980
1612,WO-20251103-7585
1613,WO-20251104-5272
1614,WO-20251104-5157
1615,WO-20251106-3333
1616,WO-20251108-3234
1617,WO-20251108-8992
1618,WO-20251109-4006
1619,WO-20251109-7514
1620,WO-20251109-9132
1621,WO-20251103-9519
1622,WO-20251104-5713
1623,WO-20251104-5537
1624,WO-20251105-8899
1625,WO-20251106-8709
1626,WO-20251108-1112
1627,WO-20251108-1181
1628,WO-20251109-4128
1629,WO-20251109-5445
1630,WO-20251106-9406
1631,WO-20251106-1385
1632,WO-20251108-5480
1633,WO-20251108-7880
1634,WO-20251105-1637
1635,WO-20251106-9626
1636,WO-20251106-1153
1637,WO-20251108-7277
1638,WO-20251109-7794
1639,WO-20251109-4706
1640,WO-20251103-3159
1641,WO-20251105-4743
1642,WO-20251106-8230
1643,WO-20251107-4079
1644,WO-20251108-1956
1645,WO-20251108-9044
1646,WO-20251109-3753
1647,WO-20251110-5362
1648,WO-20251104-5603
1649,WO-20251105-4607
1650,WO-20251104-7048
1651,WO-20251104-3986
1652,WO-20251104-7034
1653,WO-20251105-2161
1654,WO-20251106-9949
1655,WO-20251107-5708
1656,WO-20251108-4329
1657,WO-20251108-1542
1658,WO-20251108-6796
1659,WO-20251110-7363
1660,WO-20251103-7809
1661,WO-20251103-9912
1662,WO-20251106-1571
1663,WO-20251106-6734
1664,WO-20251107-7836
1665,WO-20251107-5337
1666,WO-20251107-1026
1667,WO-20251107-6156
1668,WO-20251107-5946
1669,WO-20251108-2613
1670,WO-20251110-3748
1671,WO-20251104-1224
1672,WO-20251104-5376
1673,WO-20251105-7255
1674,WO-20251105-9535
1675,WO-20251106-5487
1676,WO-20251106-7069
1677,WO-20251106-6512
1678,WO-20251108-4655
1679,WO-20251103-3461
1680,WO-20251104-3580
1681,WO-20251104-6790
1682,WO-20251105-7718
1683,WO-20251106-6483
1684,WO-20251108-5771
1685,WO-20251109-7791
1686,WO-20251109-4318
1687,WO-20251103-2829
1688,WO-20251105-5209
1689,WO-20251106-7719
1690,WO-20251109-3151
1691,WO-20251110-8593
1692,WO-20251103-6866
1693,WO-20251104-4543
1694,WO-20251105-1789
1695,WO-20251105-6280
1696,WO-20251105-2976
1697,WO-20251105-2299
1698,WO-20251106-4997
1699,WO-20251107-2316
1700,WO-20251107-3979
1701,WO-20251108-9560
1702,WO-20251109-9890
1703,WO-20251103-5358
1704,WO-20251105-4245
1705,WO-20251106-7678
1706,WO-20251106-2827
1707,WO-20251107-1629
1708,WO-20251107-4910
1709,WO-20251108-3001
1710,WO-20251110-9221
1711,WO-20251103-1860
1712,WO-20251103-5820
1713,WO-20251103-4348
1714,WO-20251104-9534
1715,WO-20251104-3314
1716,WO-20251105-8080
1717,WO-20251105-9066
1718,WO-20251106-7165
1719,WO-20251106-5462
1720,WO-20251107-6717
1721,WO-20251109-7213
1722,WO-20251109-1937
1723,WO-20251110-4672
1724,WO-20251110-9214
1725,WO-20251103-3196
1726,WO-20251104-7219
1727,WO-20251104-2951
1728,WO-20251105-7575
1729,WO-20251105-1128
1730,WO-20251108-7768
1731,WO-20251109-9519
1732,WO-20251109-3279
1733,WO-20251104-4983
1734,WO-20251105-7724
1735,WO-20251105-5782
1736,WO-20251106-3598
1737,WO-20251108-2028
1738,WO-20251109-9167
1739,WO-20251110-2225
1740,WO-20251103-1771
1741,WO-20251103-7642
1742,WO-20251105-2038
1743,WO-20251105-1543
1744,WO-20251106-8466
1745,WO-20251107-3747
1746,WO-20251108-3852
1747,WO-20251108-6890
1748,WO-20251108-9369
1749,WO-20251108-3505
1750,WO-20251108-9075
1751,WO-20251109-8721
1752,WO-20251104-8008
1753,WO-20251104-9624
1754,WO-20251105-3680
1755,WO-20251107-3784
1756,WO-20251108-5953
1757,WO-20251108-2624
1758,WO-20251109-4440
1759,WO-20251109-4391
1760,WO-20251109-3628
1761,WO-20251109-1352
1762,WO-20251103-2816
1763,WO-20251103-9190
1764,WO-20251103-3103
1765,WO-20251104-8489
1766,WO-20251104-5491
1767,WO-20251106-8114
1768,WO-20251108-1774
1769,WO-20251108-7562
1770,WO-20251109-7504
1771,WO-20251104-8345
1772,WO-20251104-4985
1773,WO-20251104-7103
1774,WO-20251105-9702
1775,WO-20251105-4006
1776,WO-20251105-3298
1777,WO-20251106-6279
1778,WO-20251107-6498
1779,WO-20251108-8829
1780,WO-20251108-5239
1781,WO-20251109-5664
1782,WO-20251110-9095
1783,WO-20251104-7784
1784,WO-20251106-6290
1785,WO-20251106-3866
1786,WO-20251107-2581
1787,WO-20251107-3964
1788,WO-20251107-3770
1789,WO-20251108-4811
1790,WO-20251108-8369
1791,WO-20251109-2565
1792,WO-20251109-4694
1793,WO-20251109-8879
1794,WO-20251109-5654
1795,WO-20251104-7010
1796,WO-20251105-6718
1797,WO-20251105-6487
1798,WO-20251105-2941
1799,WO-20251106-9900
1800,WO-20251107-4382
1801,WO-20251108-4955
1802,WO-20251109-3283
1803,WO-20251110-9809
1804,WO-20251103-1602
1805,WO-20251103-4893
1806,WO-20251104-5631
1807,WO-20251105-5491
1808,WO-20251105-1159
1809,WO-20251105-9709
1810,WO-20251106-5536
1811,WO-20251106-8686
1812,WO-20251106-6889
1813,WO-20251107-1736
1814,WO-20251107-9970
1815,WO-20251107-6310
1816,WO-20251108-1591
1817,WO-20251108-9687
1818,WO-20251108-5220
1819,WO-20251108-4664
1820,WO-20251109-4816
1821,WO-20251109-2244
1822,WO-20251103-7928
1823,WO-20251103-8913
1824,WO-20251104-8973
1825,WO-20251105-7147
1826,WO-20251105-9968
1827,WO-20251105-2331
1828,WO-20251105-1105
1829,WO-20251105-5797
1830,WO-20251105-4749
1831,WO-20251107-4483
1832,WO-20251107-5612
1833,WO-20251107-2903
1834,WO-20251108-3691
1835,WO-20251109-5843
1836,WO-20251109-2693
1837,WO-20251109-9889
1838,WO-20251110-2208
1839,WO-20251103-5980
1840,WO-20251103-7579
1841,WO-20251104-4179
1842,WO-20251104-6780
1843,WO-20251105-6283
1844,WO-20251106-7773
1845,WO-20251107-6318
1846,WO-20251109-2540
1847,WO-20251109-3784
1848,WO-20251110-7565
1849,WO-20251104-5266
1850,WO-20251104-4258
1851,WO-20251106-7125
1852,WO-20251107-9244
1853,WO-20251108-6394
1854,WO-20251108-3812
1855,WO-20251109-7183
1856,WO-20251109-6361
1857,WO-20251109-2904
1858,WO-20251109-1867
1859,WO-20251110-5624
1860,WO-20251104-7654
1861,WO-20251105-7347
1862,WO-20251105-2590
1863,WO-20251105-5511
1864,WO-20251105-5999
1865,WO-20251106-4598
1866,WO-20251106-9064
1867,WO-20251106-9951
1868,WO-20251107-2664
1869,WO-20251108-2855
1870,WO-20251108-8216
1871,WO-20251108-3696
1872,WO-20251109-9551
1873,WO-20251109-8676
1874,WO-20251103-1406
1875,WO-20251104-7747
1876,WO-20251104-3443
1877,WO-20251104-4960
1878,WO-20251105-6154
1879,WO-20251107-3634
1880,WO-20251107-7815
1881,WO-20251107-2057
1882,WO-20251107-9857
1883,WO-20251108-1815
1884,WO-20251108-6628
1885,WO-20251108-1452
1886,WO-20251109-7621
1887,WO-20251103-9006
1888,WO-20251103-1876
1889,WO-20251103-2949
1890,WO-20251103-2635
1891,WO-20251104-9488
1892,WO-20251104-2556
1893,WO-20251105-3589
1894,WO-20251106-9774
1895,WO-20251107-1051
1896,WO-20251108-8252
1897,WO-20251109-8666
1898,WO-20251110-6653
1899,WO-20251104-3511
1900,WO-20251104-4466
1901,WO-20251106-6097
1902,WO-20251106-9868
1903,WO-20251107-3392
1904,WO-20251107-4086
1905,WO-20251108-8793
1906,WO-20251108-3376
1907,WO-20251104-1761
1908,WO-20251105-2600
1909,WO-20251107-2955
1910,WO-20251107-5555
1911,WO-20251107-6101
1912,WO-20251108-7601
1913,WO-20251108-9201
1914,WO-20251109-5237
1915,WO-20251109-1033
1916,WO-20251110-9085
1917,WO-20251104-5922
1918,WO-20251105-1045
1919,WO-20251105-3236
1920,WO-20251105-4178
1921,WO-20251106-8050
1922,WO-20251109-8546
1923,WO-20251109-1281
1924,WO-20251109-5542
1925,WO-20251103-7236
1926,WO-20251105-7601
1927,WO-20251105-1858
1928,WO-20251105-1510
1929,WO-20251106-2772
1930,WO-20251107-7626
1931,WO-20251108-2008
1932,WO-20251109-4907
1933,WO-20251103-6420
1934,WO-20251106-7922
1935,WO-20251107-8541
1936,WO-20251107-1774
1937,WO-20251108-5214
1938,WO-20251108-6514
1939,WO-20251103-4331
1940,WO-20251105-8705
1941,WO-20251105-8630
1942,WO-20251106-8771
1943,WO-20251109-5132
1944,WO-20251109-1504
1945,WO-20251109-6416
1946,WO-20251103-8509
1947,WO-20251105-3021
1948,WO-20251106-2634
1949,WO-20251106-2360
1950,WO-20251106-5807
1951,WO-20251107-8135
1952,WO-20251107-4417
1953,WO-20251108-4911
1954,WO-20251103-2828
1955,WO-20251103-2646
1956,WO-20251103-8693
1957,WO-20251103-5402
1958,WO-20251104-9751
1959,WO-20251104-7172
1960,WO-20251104-6247
1961,WO-20251106-5447
1962,WO-20251107-2198
1963,WO-20251108-7778
1964,WO-20251108-8702
1965,WO-20251108-9995
1966,WO-20251108-5114
1967,WO-20251108-7118
1968,WO-20251108-4019
1969,WO-20251109-5696
1970,WO-20251109-9064
1971,WO-20251103-9717
1972,WO-20251104-3032
1973,WO-20251104-8002
1974,WO-20251105-8836
1975,WO-20251105-7817
1976,WO-20251106-1561
1977,WO-20251108-8845
1978,WO-20251108-4974
1979,WO-20251108-3293
1980,WO-20251109-9066
1981,WO-20251110-9447
1982,WO-20251104-1992
1983,WO-20251107-5999
1984,WO-20251107-8227
1985,WO-20251107-4915
1986,WO-20251108-5735
1987,WO-20251108-4995
